{"type":"Topology","arcs":[[[2102,2525],[2,27],[-4,42],[-23,37],[-2,31],[-16,9],[-4,46],[-18,36],[-23,-27],[-1,-21],[-12,-41],[-15,-39],[10,-24],[-12,-15],[-8,-56],[7,-42],[-4,-21],[8,-36],[-19,-58],[-7,-41],[-13,-32],[-12,-40],[-41,-25],[-59,25],[-9,23],[-33,19],[-17,0],[-45,43],[-32,25],[-47,24],[-49,41],[-5,20],[22,37],[18,36],[-7,30],[21,2],[24,30],[16,39],[-28,37],[-15,-15],[-23,7],[-36,-21],[-38,22],[-18,-7],[-52,19],[-33,30],[-41,18],[-33,-10],[46,-25],[1,-37],[-52,-14],[-32,9],[-37,-26],[-27,-42],[9,-19],[-27,-19],[-30,-59],[13,-40],[-39,7],[-39,0],[-34,44],[-46,33],[-30,-10],[-27,-10],[-1,-19],[-27,9],[-1,-21],[-31,-12],[-15,-29],[-34,-36],[-8,-56],[-27,16],[-19,-36],[22,-35],[-27,-14],[-26,63],[-43,-62],[-1,-40],[-3,-30],[-36,-37],[-16,-39],[-34,-33],[-65,-22],[-34,2],[-16,-7],[-10,-16],[-37,-8],[-49,-27],[-17,9],[-28,-6],[-47,-27],[-31,-31],[-50,-25],[-26,-50],[-5,56],[-25,-53],[6,-43],[-8,-37],[-13,-18],[-6,-43],[14,-22],[6,-23],[31,-58],[1,-38],[-19,29],[-30,21],[20,-68],[-27,32],[9,-32],[35,-58],[8,-57],[27,-30],[2,-21],[24,-48],[-2,-42],[10,-42],[33,-74],[7,-44],[-8,-51],[2,-27],[-10,-16],[-31,-10],[-1,-43],[33,-13],[65,-47],[42,0],[45,-3],[30,23],[31,21],[18,-4],[37,40],[42,3],[44,8],[55,-13],[39,6],[52,2],[23,30],[12,38],[54,17],[65,38],[59,-5],[71,25],[80,26],[111,7],[59,-36],[43,-2],[80,-44],[-12,-17],[33,-28],[38,-53],[-1,-39],[48,-31],[24,59],[38,25],[50,63],[5,-55],[-23,-36],[-10,-42],[-32,-41],[55,14],[30,51],[15,-55],[-20,-36],[59,-9],[31,-29],[14,-38],[11,-55],[40,-46],[60,-21],[36,-5],[35,-12],[53,-20],[54,53],[34,14],[-10,-38],[38,-13],[52,-32],[37,31],[28,29],[57,30],[70,2],[35,26],[-3,23],[8,51],[15,55],[24,37],[19,63],[20,36],[23,57],[46,37],[27,66],[12,53],[-1,42],[17,66],[10,34],[4,65],[-30,63],[5,45],[-2,42],[-17,59],[-49,60],[-28,28],[-44,45],[-11,78],[-15,-11],[-25,32],[-25,-17],[-24,80],[-35,46],[8,18],[-41,32],[-44,35],[-67,38],[-20,50],[6,38],[-17,63],[-16,9],[-9,37],[-13,63],[6,33],[-29,28],[-21,31],[-40,-27],[-22,57]],[[3406,2049],[-12,9],[-26,1],[8,-25],[30,-38],[0,-1996],[-3406,0],[0,2797],[641,0],[22,-14],[26,2],[3,12],[170,0],[-3,-12],[8,-9],[52,16],[4,5],[1444,0],[4,-4],[63,-11],[53,-9],[15,-19],[41,5],[7,22],[-35,16],[891,0],[0,-748]],[[2216,537],[-41,7],[-1,-34],[35,-64],[9,-49],[38,-62],[38,-3],[13,-4],[43,52],[21,-21],[7,60],[21,25],[-5,87],[-37,5],[-48,-14],[-34,-10],[-59,25]],[[3250,2767],[-13,2],[-37,18],[24,-45],[43,-1],[-17,26]]],"transform":{"scale":[0.016172138953208483,0.013595410451280139],"translate":[109.56638569790367,-48.097501840762405]},"objects":{"ne_110m_ocean":{"type":"GeometryCollection","geometries":[{"arcs":[[1],[0],[2],[3]],"type":"Polygon","properties":{"scalerank":0,"featurecla":"Ocean","min_zoom":0}}]}}}